<?xml version="1.0" encoding="UTF-8"?>
<component type="firmware">
  <id>com.acme.at90usbkey.firmware</id>
  <name>AT90USBKEY</name>
  <summary>Firmware for the ACME AT90USBKEY</summary>
  <description>
    <p>Updating the firmware on your AT90USBKEY improves performance and adds new features.</p>
  </description>
  <provides>
    <firmware type="flashed">c1874c52-5f6a-5864-926d-ea84bcdc82ea</firmware>
  </provides>
  <url type="homepage">http://www.acme.com/</url>
  <metadata_license>CC0-1.0</metadata_license>
  <project_license>GPL-2.0+</project_license>
  <categories>
    <category>X-Device</category>
  </categories>
  <custom>
    <value key="LVFS::VersionFormat">bcd</value>
    <value key="LVFS::UpdateProtocol">org.usb.dfu</value>
  </custom>
  <releases>
    <release version="1.29" date="2017-06-15" urgency="medium">
      <checksum type="sha1" filename="at90usbkey123.hex" target="content">164af57a5e461cd360e7c43e3bce13a16e1baf95</checksum>
      <checksum type="sha256" filename="at90usbkey123.hex" target="content">6961bf7e1c11c4496411404ff2d993c3c5bc9bcc7fdc4f320b48414b9371689a</checksum>
      <description>
        <p>Fixes a bug with the flux capacitor to avoid year 2038 overflow.</p>
      </description>
      <url type="source">https://github.com/hughsie/fwupd-test-firmware/tree/master/AVR/AT90USBKEY-1.23</url>
      <size type="installed">13174</size>
      <artifacts>
        <artifact type="binary">
          <filename>at90usbkey123.hex</filename>
          <checksum type="sha1">164af57a5e461cd360e7c43e3bce13a16e1baf95</checksum>
          <checksum type="sha256">6961bf7e1c11c4496411404ff2d993c3c5bc9bcc7fdc4f320b48414b9371689a</checksum>
        </artifact>
      </artifacts>
    </release>
  </releases>
</component>
